{
    "metrics": {
        "accuracy": 0.7966666666666666,
        "precision": 0.651685393258427,
        "recall": 0.1746987951807229,
        "f1_score": 0.2755344418052257,
        "auc": 1.7104619963873735
    },
    "training_time_seconds": 0.8266644477844238
}