{
    "training_time": 152.48443984985352,
    "train": {
        "accuracy": 0.9807283763277693,
        "precision": 0.9128563743948359,
        "recall": 0.916059379217274,
        "f1_score": 0.9144550720732857,
        "confusion_matrix": [
            [
                28921,
                324
            ],
            [
                311,
                3394
            ]
        ]
    },
    "validation": {
        "accuracy": 0.8849235251274581,
        "precision": 0.49899396378269617,
        "recall": 0.5243128964059197,
        "f1_score": 0.511340206185567,
        "confusion_matrix": [
            [
                3397,
                249
            ],
            [
                225,
                248
            ]
        ]
    },
    "test": {
        "accuracy": 0.8902646273367322,
        "precision": 0.510593220338983,
        "recall": 0.5216450216450217,
        "f1_score": 0.5160599571734475,
        "confusion_matrix": [
            [
                3426,
                231
            ],
            [
                221,
                241
            ]
        ]
    },
    "feature_importance": {
        "age": 0.23351920952250926,
        "duration": 0.2217208181688253,
        "euribor3m": 0.08715608092512346,
        "job": 0.08219415900334576,
        "education": 0.07891454508033059,
        "day_of_week": 0.067165845811885,
        "campaign": 0.04248826093805055,
        "marital": 0.03431688177636673,
        "month": 0.025480081452454235,
        "loan": 0.02071724536903193,
        "housing": 0.02002590965520665,
        "pdays": 0.014233205995704266,
        "contact": 0.01392720317372654,
        "previous": 0.012543041696733934,
        "cons.conf.idx": 0.012067365470055652,
        "cons.price.idx": 0.011311737744237745,
        "emp.var.rate": 0.011003664259184037,
        "nr.employed": 0.006390246310112883,
        "poutcome": 0.004824497647115527
    }
}