{
    "training_time": 93.2024097442627,
    "train": {
        "accuracy": 0.9159332321699545,
        "precision": 0.652827721477607,
        "recall": 0.5390013495276653,
        "f1_score": 0.5904790065050266,
        "confusion_matrix": [
            [
                28183,
                1062
            ],
            [
                1708,
                1997
            ]
        ]
    },
    "validation": {
        "accuracy": 0.909686817188638,
        "precision": 0.6406685236768802,
        "recall": 0.48625792811839325,
        "f1_score": 0.5528846153846154,
        "confusion_matrix": [
            [
                3517,
                129
            ],
            [
                243,
                230
            ]
        ]
    },
    "test": {
        "accuracy": 0.9186695799951444,
        "precision": 0.6684350132625995,
        "recall": 0.5454545454545454,
        "f1_score": 0.600715137067938,
        "confusion_matrix": [
            [
                3532,
                125
            ],
            [
                210,
                252
            ]
        ]
    },
    "feature_importance": {
        "duration": 0.4511930585683297,
        "nr.employed": 0.1561822125813449,
        "euribor3m": 0.11062906724511931,
        "cons.price.idx": 0.07809110629067247,
        "pdays": 0.07592190889370931,
        "cons.conf.idx": 0.04338394793926247,
        "campaign": 0.03253796095444685,
        "month": 0.026030368763557483,
        "contact": 0.026030368763557483
    }
}