Model,Accuracy,Precision,Recall,F1 Score,AUC,Training Time (s)
Logistic Regression,0.7966666666666666,0.651685393258427,0.1746987951807229,0.2755344418052257,1.7104619963873735,0.8266644477844238
Decision Tree,0.816,0.6640625,0.3413654618473896,0.4509283819628648,1.646139351928261,155.40383529663086
KNN,0.7917777777777778,0.5450381679389313,0.35843373493975905,0.43246517262265294,1.7040639727861215,8.106231689453125e-05
