{
    "metrics": {
        "accuracy": 0.816,
        "precision": 0.6640625,
        "recall": 0.3413654618473896,
        "f1_score": 0.4509283819628648,
        "auc": 1.646139351928261
    },
    "training_time_seconds": 155.40383529663086
}