{
    "metrics": {
        "accuracy": 0.7917777777777778,
        "precision": 0.5450381679389313,
        "recall": 0.35843373493975905,
        "f1_score": 0.43246517262265294,
        "auc": 1.7040639727861215
    },
    "training_time_seconds": 8.106231689453125e-05
}