Metric,Value
Accuracy,0.9157562515173586
Precision,0.6493506493506493
Recall,0.5411255411255411
F1 Score,0.5903187721369539
ROC AUC,0.9471582104888093
